Term,Score
model,5484
models,3907
learning,3513
language,3277
data,3115
reasoning,2660
performance,2605
across,2601
where,2563
while,2484
training,2394
figure,2383
results,2325
table,2208
its,2202
between,2199
preprint,2194
arxiv,2141
conference,2078
information,2060
both,2038
into,2034
based,1957
when,1956
different,1902
large,1856
agent,1799
use,1766
methods,1739
but,1738
dataset,1734
only,1726
number,1717
evaluation,1667
llm,1654
task,1614
set,1600
through,1592
llms,1551
systems,1521
neural,1493
method,1448
then,1430
first,1417
image,1400
other,1348
proceedings,1325
how,1317
pages,1263
over,1241
system,1239
processing,1239
knowledge,1235
process,1227
prompt,1227
human,1216
approach,1208
generated,1206
analysis,1204
given,1175
international,1174
reward,1154
generation,1153
computational,1137
time,1137
step,1131
action,1127
work,1121
research,1120
you,1091
following,1072
tasks,1068
generate,1060
policy,1054
same,1048
they,1046
without,1043
most,1042
visual,1037
key,1030
shown,1030
within,1027
user,1026
via,1025
multiple,1019
function,1001
graph,999
ing,998
text,995
input,995
score,992
any,988
under,982
value,980
accuracy,971
new,971
test,962
answer,953
during,952
framework,951
arxiv preprint,44.33
large language,34.32
international conference,29.72
language models,28.93
information processing,24.75
neural information,24.75
processing systems,24.61
association computational,23.24
advances neural,23.03
machine learning,22.88
natural language,22.25
computer vision,20.15
reinforcement learning,19.19
conference computer,18.97
proceedings conference,17.95
artificial intelligence,17.07
language model,16.66
conference learning,15.89
conference machine,15.84
across different,15.75
vision pattern,15.31
pattern recognition,15.08
shown table,15.08
shown figure,14.97
proceedings international,14.53
neural networks,14.48
learning representations,14.46
ground truth,14.28
language arxiv,14.11
learning rate,14.08
language processing,13.86
deep learning,13.75
ieee transactions,13.55
experimental results,12.99
computational linguistics,12.86
batch size,12.78
proceedings acm,12.63
conference artificial,12.52
related work,12.44
ablation study,12.30
training data,11.89
performance across,11.87
success rate,11.84
neural network,11.56
annual meeting,11.53
pages association,11.53
methods natural,11.39
proceedings annual,11.37
empirical methods,11.36
recognition pages,11.34
meeting association,11.17
while maintaining,11.12
knowledge graph,11.05
foundation models,11.01
figure shows,11.00
future work,10.97
aaai conference,10.92
across multiple,10.80
ieee international,10.79
conference empirical,10.76
there exists,10.76
results demonstrate,10.60
volume pages,10.53
across various,10.41
across diverse,10.20
results show,10.19
distance between,10.18
learning pages,10.07
case study,10.04
reward function,9.96
provided appendix,9.90
test set,9.86
total number,9.85
proceedings aaai,9.82
time series,9.82
spatial reasoning,9.81
wide range,9.79
implementation details,9.77
index index,9.74
table shows,9.71
model trained,9.62
gap between,9.61
difference between,9.60
skin tone,9.54
diffusion model,9.51
table presents,9.49
cosine similarity,9.47
visual reasoning,9.45
reasoning capabilities,9.42
adversarial attacks,9.41
illustrated figure,9.37
technical arxiv,9.36
proposed method,9.24
computational url,9.23
diffusion models,9.18
loss function,9.16
upper bound,9.16
image editing,9.12
you need,9.07
processing pages,9.07
